reference;nom; prix_vente ;ean13
;;;
155126;DEGUISEMENT LA REINE DES NEIGES ELSA + TRESSE;15;ean13 : 3527079063660
;;;
620284;DEGUISEMENT LA REINE DES NEIGES ELSA + MICRO;20;ean13 : 883028104505
;;;
5400;COFFRET TOY STORY  2 DEGUISEMENT + 2 MASQUE;25;ean13 : 82686054003
;;;
154974;DEGUISEMENT POWER RANGERS;15;ean13 : 3527079041033
;;;
886962;DEGUISEMENT PLANES;10;ean13 : 883028696253
;;;
430129;DEGUISEMENT DE DOCTEUR;10;ean13 : 3700994301295
;;;
880077;DEGUISEMENT MONSTER UNIVERSITY;10;ean13 : 883028007769
;;;
430072;MASQUE LUIGIE MARIO;1;ean13 : 3700994300724
;;;
630299;DEGUISEMENT STAR WARS;10;ean13 : 883028181940
;;;
620532;DEGUISEMENT DISNEY JUNIOR;10;ean13 : 883028129881
;;;
610387;DEGUISEMENT TOY STORY 3;10;ean13 : 883028042234
;;;
884665;DEGUISEMENT CARS 3;10;ean13 : 883028466573
;;;
884652;DEGUISEMENT BLANCHE NEIGE;10;ean13 : 883028465231
;;;
59707;DEGUISEMENT PRINCESSE LEA;10;ean13 : 3760049597073
;;;
430035;DEGUISEMENT LA PIRATE;10;ean13 : 3700994300359
;;;
300507;DEGUISEMENT LA REINE DES NEIGES ANNA;10;ean13 : 883028390298
;;;
641021;DEGUISEMENT PRINCESSE ARIEL;10;ean13 : 883028297405
;;;
630511;DEGUISEMENT PRINCESSE VAIANA;10;ean13 : 883028199013
;;;
881853;DEGUISEMENT PRINCESSE AURORE;10;ean13 : 883028185351
;;;
630038;DEGUISEMENT ELENA OF AVALOR;10;ean13 : 883028168149
;;;
889547;DEGUISEMENT  PRINCESSE SOFIA;10;ean13 : 883028954759
;;;
641022;DEGUISEMENT PRINCESSE AURORE;10;ean13 : 883028297481
;;;
154539;DEGUISEMENT MY LITTLE PONY;10;ean13 : 3527079033250
;;;
300287;DEGUISEMENT LA REINE DES NEIGES OLAF;10;ean13 : 883028360529
;;;
889547;DEGUISEMENT PRINCESSE SOFIA;10;ean13 : 883028954766
;;;
641027;DEGUISEMENT PRINCESSE RAIPONCE;10;ean13 : 883028297702
;;;
881892;DEGUISEMENT MINNIE;10;ean13 : 883028189267
;;;
641022;DEGUISEMENT PRINCESSE LA BELLE AU BOIS DORMANT;10;ean13 : 883028297504
;;;
620645;DEGUISEMENT PRINCESSE RAIPONCE;10;ean13 : 883028139835
;;;
889545;DEGUISEMENT LA REINE DES NEIGES ANNA;10;ean13 : 883028954575
;;;
630898;DEGUISEMENT ELENA OF AVALOR;10;ean13 : 883028226481
;;;
630034;DEGUISEMENT LA REINES DES NEIGES ELSA;10;ean13 : 883028168019
;;;
620544;DEGUISEMENT PRINCESSE MULAN;10;ean13 : 883028133284
;;;
300779;DEGUISEMENT LA REINES DES NEIGES ELSA;10;ean13 : 883028407293
;;;
889543;DEGUISEMENT LA REINE DES NEIGES ANNA;10;ean13 : 883028954377
;;;
881855;DEGUISEMENT BLANCHE NEIGE;10;ean13 : 883028185573
;;;
300284;DEGUISEMENT LA REINE DES NEIGES ELSA;10;ean13 : 883028386789
;;;
430262;DEGUISEMENT PRINCESSE JULIE;10;ean13 : 3700994302629
;;;
OPAW110;Trottinette 3 Roues Paw Patrol;20;ean13 : 3517132223384
;;;
OHKY110;Trottinette 3 Roues Hello Kitty;20;ean13 : 3517130006064
;;;
OPEP110;Trottinette 3 Roue Peppa Pig;20;ean13 : 3517130001175
;;;
OFUN13-LED;Trottinette 3 Roues Funbee LED;25;ean13 : 3517130000284
;;;
TABPAWG16;TABLEAU DOUBLE FACE PAW PATROL GARCON;15;ean13 : 3517130007269
;;;
TABPAWF16;TABLEAU DOUBLE FACE PAW PATROL FILLE;15;ean13 : 3517130007269
;;;
PILE-LR6;PACK DE 4 PILES ALCALINE LR6 AA x4;1;ean13 : 3700974812445
;;;
PILE-LR03;PACK DE 4 PILES ALCALINE LR03 AAA  x4;1;ean13 : 3700974800268
;;;
FW85873;CARS 3 Table Et 2 Chaises Enfant En Bois MDF;30;ean13 : 8718164685873
;;;
83198;Bougie 500g FRUIT ROUGE;5;ean13 : 3560239679554
;;;
83198;Bougie 500g Vanille;5;ean13 : 3560239679554
;;;
83198;Bougie 500g JASMIN;5;ean13 : 3560239679554
;;;
81537;Enceinte Bluetooth effet flamme - Noir;15;ean13 : 3560239705086
;;;
FS400;Enceinte Funky Skull Bluetooth KARAOKE + Micro;30;ean13 : 4894367017742
;;;
DL6;iDance Disco Lights  PROMO1;20;ean13 : 4894367014512
;;;
GR508X;Enceinte Bluetooth iDance Groove Karaoke + Micro PROMO;120;ean13 : 4894367012495
;;;
PR889;Cuisine en Bois Electronique avec Fonctions;45;ean13 : 3760167642891
;;;
CY00100559;ENCEINTE KARAOKE BLUETOOH + MICRO + TELECOMMANDE + TROLLEY;50;ean13 : 3665266016553
;;;
JTP0198;Peluche interactive Poppy cheveux multicolores;20;ean13 : 8056379096993
;;;
MGM;Coffret 3 Hochets multicolores assortis;5;ean13 : 3301040501340
;;;
106397;Magnifique poupon '' Bébé Tendresse '' La chambre de Lily;15;ean13 : 3560238501429
;;;
DC2781;Doudou et compagnie Poupee Marron Western;10;ean13 : 3700335227819
;;;
461141;AUBY Mon Éléphant Danseur;10;ean13 : 6911400397420
;;;
OFUN520-G;FUNBEE - PORTEUR TRICYCLE 2 EN 1;45;ean13 : 3517130008396
;;;
OFUN85-MUR;FUNBEE - DRAISIENNE VITAMINEE METAL MURE;20;ean13 : 3517130005197
;;;
OPAW043-F;PAW PATROL SKYE - DRAISIENNE METAL;25;ean13 : 3517132225265
;;;
OFUN85-orange;FUNBEE - DRAISIENNE VITAMINEE METAL ORANGE;20;ean13 : 3517130010764
;;;
OFUN85-PAS;FUNBEE - DRAISIENNE VITAMINEE METAL PASTEQUE;20;ean13 : 3517130005159
;;;
25284;ROBOT ALIVE JUNIOR - BABY SHARK/2;12;ean13 : 4894680013209
;;;
40170;Canard Pirate Yookidoo Jouets de bain;5;ean13 : 7290107721707
;;;
LFT05000;Trotteur Little Tikes interactif 3 en 1;30;ean13 : 8056379080879
;;;
FR461561;AUBY - MES ARROSEURS DE BAIN MARINS;3;ean13 : 6911400404364
;;;
;VÉHICULE À FONCTION UZOOM BLEU Couleur - Rouge;10;
;;;
;VÉHICULE À FONCTION UZOOM BLEU Couleur - bleu marine;10;
;;;
;VÉHICULE À FONCTION UZOOM BLEU Couleur - Jaune;10;
;;;
;VÉHICULE À FONCTION UZOOM BLEU Couleur - Bleu;10;
;;;
;VÉHICULE À FONCTION UZOOM JAUNE Couleur - Rouge;10;
;;;
;VÉHICULE À FONCTION UZOOM JAUNE Couleur - bleu marine;10;
;;;
;VÉHICULE À FONCTION UZOOM JAUNE Couleur - Jaune;10;
;;;
;VÉHICULE À FONCTION UZOOM JAUNE Couleur - Bleu;10;
;;;
;VÉHICULE À FONCTION UZOOM POLICE Couleur - Rouge;10;
;;;
;VÉHICULE À FONCTION UZOOM POLICE Couleur - bleu marine;10;
;;;
;VÉHICULE À FONCTION UZOOM POLICE Couleur - Jaune;10;
;;;
;VÉHICULE À FONCTION UZOOM POLICE Couleur - Bleu;10;
;;;
;VÉHICULE À FONCTION UZOOM ROUGE Couleur - Rouge;10;
;;;
;VÉHICULE À FONCTION UZOOM ROUGE Couleur - bleu marine;10;
;;;
;VÉHICULE À FONCTION UZOOM ROUGE Couleur - Jaune;10;
;;;
;VÉHICULE À FONCTION UZOOM ROUGE Couleur - Bleu;10;
;;;
80178;Robot train RC Auto Transformable;10;ean13 : 4891813801788
;;;
81207JX;AUDLEY Super Wings Avion Jett A Bulles;5;ean13 : 6911400368192
;;;
105736584;EVI LOVE ET SON SCOOTER + UN ANIMAL  PROMO2;10;ean13 : 4006592565848
;;;
700014485;Nenuco - Poupon et Berceau  Dort avec Moi et Son Baby Monitor  Multicouleur;45;ean13 : 3700514324056
;;;
32416;Ma première visite médicale intéractive;40;ean13 : 3700514324162
;;;
700013791;Nenuco - 700013791 - Poupée - mon Compagnon de Voyage;40;ean13 : 8410779041319
;;;
700015154;Nenuco Sara - Poupée Bébé 11 Fonctions;30;ean13 : 8410779069818
;;;
874099;Poupon Nenuco tu es malade;25;ean13 : 8410779094087
;;;
118389;Nenuco Boutique;45;ean13 : 8410779082039
;;;
CCB11;Cicciobello  Bisous  Poupon 42 cm;40;ean13 : 8056379037255
;;;
?70056391;Cicciobello Bobo  Poupon 42 cm;40;ean13 : 8001444432060
;;;
;CLEMENT CLEMENTINE - Poupon avec Biberon et Pot - 124413 - 31 cm - Rose - Plastique - À Partir de 18 Mois Couleur - Bleu;15;
;;;
;CLEMENT CLEMENTINE - Poupon avec Biberon et Pot - 124413 - 31 cm - Rose - Plastique - À Partir de 18 Mois Couleur - Rose;15;
;;;
;Sachet Glibbi x2 Couleur - Bleu;2;
;;;
;Sachet Glibbi x2 Couleur - Vert;2;
;;;
;Sachet Glibbi x2 Couleur - Rouge;2;
;;;
;Sachet Glibbi x2 Couleur - Rose;2;
;;;
;Sachet Slime Glibbi x2 Couleur - Vert;2;
;;;
41054993;ASPIRATEUR;10;ean13 : 3280250027737
;;;
2594;Caisse Enregistreuse Et Smartphone Avec 15 Accessoires;5;ean13 : 3280250025948
;;;
2619;ACCESSOIRES DE CUISINE 100 % CHEF ECOIFFIER;10;ean13 : 3280250026198
;;;
2649;Dinette Réchaud - 21 accessoires ECOIFFIER;10;ean13 : 3280250026495
;;;
3269;COFFRET 10 VEHICULES FAST CAR ECOIFFIER;10;ean13 : 3280250032694
;;;
2631;LE GAUFRIER 100 % CHEF ECOIFFIER;10;ean13 : 3280250026310
;;;
1694;SUPER PACK CUISINE 3 EN 1 ECOIFFIER;25;ean13 : 3280250016946
;;;
3008;Abrick - La Villa Contemporaine - 3 Personnages + 56 Pièces;15;ean13 : 3280250030089
;;;
1903;CORBEILLE CHAT ECOIFFIER;12;ean13 : 3280250019039
;;;
1919;CLINIQUE VETERINAIRE ECOIFFIER;20;ean13 : 3280250019190
;;;
1778;TABLE A REPASSER ECOIFFIER;12;ean13 : 3280250017783
;;;
1406;ETABLI BLACK & DECKER ECOIFFIER;15;ean13 : 3280250023050
;;;
108614;Kiosque Barbecue;15;ean13 : 3301041086143
;;;
108618;Kiosque Glace Dessert;15;ean13 : 3301041086181
;;;
j47312;JOUSTRA - Patatoon - Pâte à modeler La Ferme;10;ean13 : 3028760473121
;;;
58891;Bureau Mickey +10 jeux;15;ean13 : 8008324058891
;;;
Jade16;Jade 3 en 1 -  les matières PROMO1;5;ean13 : 3301041407085
;;;
BA3101z;SEEK'O BLOCKS : BARIL DE 75 PIÈCES VERTES ET ROSE;10;ean13 : 4897067860205
;;;
2629;CHARIOT MENAGE CLEAN HOME;12;ean13 : 3280250017691
;;;
4429;VALISETTE VÉTÉRINAIRE;12;ean13 : 3280250019077
;;;
;PANIER PROVISION 100 % CHEF Couleur - Vert ECOIFFIER;5;
;;;
;PANIER PROVISION 100 % CHEF Couleur - Rouge;5;
;;;
bc1912023;TROLLS - SET DE PAPETERIE FOURRURE;8;ean13 : 3517130006033
;;;
58792;PUZZLE Progressive 9;5;ean13 : 8008324058792
;;;
30819;MAIN D'ARTISTE - Seau 5 Pots Pâte À Modeler Souple et 12 Accessoires;5;ean13 : 3301040308192
;;;
pop-up;Tente Pop-Up PJMASKS;10;ean13 : 3517132238722
;;;
S17910;Roue Educative Sam Le Pompier;5;ean13 : 8436538672082
;;;
TTMZ122;TATAMIZ - MINIZ STATION DE POMPIER;12;ean13 : 3517130000710
;;;
430288;MON PREMIER KIT CREA PAT - EMPORTE PIECES ET ROULEAU;5;ean13 : 3700994302889
;;;
430285;Pâte à modeler Creapat  Bubble Tea Vert PROMO3;3;ean13 : 3700994302858
;;;
B0983W2X2H;Tableau double face MIRACULOUS;15;ean13 : 3517130008662
;;;
737601;Porteur Paw Patrol;15;ean13 : 3517132231013
;;;
887485;Maxi pochette d'activités Pat'Patrouille;10;ean13 : 3517130010030
;;;
3209-8280; tiroir COLORIAGE LOL 52PCS;10;ean13 : 3800155160409
;;;
473894;TIROIR COLORIAGE Pokemon 52PCS;10;ean13 : 3760167617813
;;;
869928;QUARTIER GÉNÉRAL SUPER WINGS;40;ean13 : 6911400379136
;;;
869039;CIRCUIT 3 EN 1 TRAIN CHUGGINGTON + 1 LOCO WILSON;20;ean13 : 6911400405088
;;;
EU750204A;Super Wings Figurines Transformer Robot 12cm(Pack de 4);25;ean13 : 6911400409192
;;;
874238;CIRCUIT SPÉCIAL DUEL + 2 LANCEURS + SPARK ET SHANGO;15;ean13 : 6911400411584
;;;
OFUN84;FUNBEE - DRAISIENNE GARCON;20;ean13 : 3517132204017
;;;
41053743;FIGURINE STRETCH ARMSTRONG ORIGINAL 25CM;20;ean13 : 8056379134480
;;;
430286;Pâte à modeler Creapat Bubble Tea Jaune PROMO3;3;ean13 : 3700994302865
;;;
7694;FIGURINE STRETCH BATMAN ORIGINAL 25CM;25;ean13 : 8056379134497
;;;
NOYW211130-1;CIRCUIT SUPER STUNT SHOWDOWN METAL FACTORY;30;ean13 : 6911400356755
;;;
PWW0200038400;ZAG -FIGURINE DELUXE ÉLECTRONIQUE;10;ean13 : 8056379104353
;;;
YW710410;JETT - SCAN N TALK - SUPER WINGS;5;ean13 : 6911400340594
;;;
EU720840B;Super Wings-Véhicules connectables Todd et Donnie;10;ean13 : 6911400372588
;;;
YW710004;SUPER WINGS - Figurine articulée Dizzy;5;ean13 : 6911400358421
;;;
YW710001;SUPER WINGS - Figurine articulée Jett;5;ean13 : 6911400358391
;;;
YW710002;SUPER WINGS - Figurine articulée Donny;5;ean13 : 6911400358407
;;;
YW710011;VEHICULES EN METAL - SUPER WINGS PROMO3;3;ean13 : 6911400360028
;;;
83313;VEHICULE TRANSFORMABLE ROY ACTION PACK PLONGEE;10;ean13 : 4891813833130
;;;
2755;Coffret travaux publics avec grue;10;ean13 : 3700156627553
;;;
MYM12;Poupée Unique Eyes 25 cm;15;ean13 : 8056379134794
;;;
WINN0400053185;Coffret écurie avec cheval articulé  Poupée & Accessoires Winner's;35;ean13 : 8056379109570
;;;
MYM11;POUPEE UNIQUE EYES 25 CM + SCOOTER FUN RIDE;25;ean13 : 8056379134770
;;;
39400-PRT10000;Spirit - Grange Lucky Spirit Poulain;35;ean13 : 8056379078043
;;;
105736375;Poupee stylee 29 cm - steffi love;5;ean13 : 4006592563752
;;;
89056;Vanity Salon de Beauté & Figurine Rainbow Ruby;20;ean13 : 4891813890560
;;;
PNY01000;Pinypon - Maison Arbre 3 espaces de jeu différents  ascenceur  trappe  toboggan  une figurine Pinypon + accessoires;25;ean13 : 8410779093929
;;;
1314;POUPON CELESTE 30CM + 16 ACCESSOIRES;15;ean13 : 3700156613143
;;;
7017205;NENUCO POUPEE COUCHE MAGIQUE;30;ean13 : 8410779102850
;;;
106600;MYLA MA POUPEE CHIFFON HAUTEUR 29 CM;5;ean13 : 3560238982303
;;;
PJM06000;Pyjamasques -PJM06- Playset Quartier Général;45;ean13 : 8056379027454
;;;
662;Camion super truck + 4 véhicules;10;ean13 : 3700156606626
;;;
613A2021;Coffret Poupées 8 princesses + Musique;20;ean13 : 3760167642228
;;;
20220414;Coffret 40 voitures en Métal + 1 Circuit;15;ean13 : 3760167650414
;;;
1306;Poupon Baigneur Céleste & Marius 36cm;10;ean13 : 3700156613068
;;;
613B2021;Coffret 8 Poupées Fées & Sirènes + Musique;25;ean13 : 3760167642990
;;;
630;FALK-Quad à pédales Bud Racing - Rouge;30;ean13 : 3016200006305
;;;
106681;Poupée des îles Sofia;10;ean13 : 3560234480209
;;;
172925;Poupée Jasmine Princesse orientale;10;ean13 : 3560233801791
;;;
172926;Poupée  Princesse des Forêts;10;ean13 : 3560233801807
;;;
VA17229;Journal intime avec cadenas et stylo a encre invisible Vaiana;2;ean13 : 8712916069508
;;;
T16670;Soy Luna - Set Accessoires Cheveux 15 pièces  PROMO3;3;ean13 : 3700855901046
;;;
991011;PISTOLET SPATIAL AVEC ALIEN A VISER;10;ean13 : 3301040991011
;;;
1760092;Micro Motorz Rampe Cascade (+ 1 voiture);5;ean13 : 3700994303923
;;;
430388;VOITURE A COLLECTIONER MICRO MOTORZ  PROMO3;3;ean13 : 3700994303886
;;;
430393;CAMION RAMPE DE LANCEMENT MICRO MOTORZ + 1 VOITURE;10;ean13 : 3700994303930
;;;
YW858090;Sky Rover RC drone commande vocale 14 cm blanc;20;ean13 : 6911400356861
;;;
20259;EXOST - MINI REVOLT 2.4 GHZ 1:18;10;ean13 : 4891813202592
;;;
pg-20265-in-00;Voiture télécommandée Silverlit Exost Hyperdrift;20;ean13 : 4891813202653
;;;
pg-20220-in-03;EXOST Coffret 2 voitures télécommandées - Exost;25;ean13 : 4891813202592
;;;
20256;Exost Stunt Tank Voiture Télécommandée;10;ean13 : 4891813202561
;;;
86844;LAZER MAD FIRST OPS;10;ean13 : 4891813581581
;;;
430231;MARVIN'S MAGIC La Baguette Magique De Marvin;2;ean13 : 3700994302315
;;;
TE0618;La Valise Magique Incroyable Marvin's Magic à partir de 8 ans;12;ean13 : 3700994302315
;;;
14080288;Coffret Toupie Collector NADO  PROMO4;15;ean13 : 6911400382129
;;;
EU634907H;Toupie Nado x2    OFFRE AVEC COFFRET;5;ean13 : 6911400398465
;;;
756267;COFFRET FAST FOOD ECOIFFIER;12;ean13 : 3280250025955
;;;
303;La Roulette Des Problèmes    ;5;ean13 : 3301041413123
;;;
430466;L'atelier Des Crèmes Glacées - Chefclub Kids - Chefclub Kids;5;ean13 : 3700994304661
;;;
678098;Panic vision   PROMO2;10;ean13 : 3760046780980
;;;
JJ131959;JEU DE CHAMBOULE TOUT;10;ean13 : 3560238924402
;;;
430458;CHEFCLUB KIDS - L'ATELIER BARRES CHOCOLATÉES BEST FRIENDS;5;ean13 : 3700994304586
;;;
PELLE16;Pelleteuse Power Builder - Cabine rotative - Assise ouvrante - Plaque d'immatriculation Personnalisable - 120  Jaune falk;35;ean13 : 3016200001300
;;;
degout16;Science Dégoutante  PROMO3;10;ean13 : 5600983608856
;;;
EX84319;CRAZY SCIENCE LABORATOIRE DU C...;12;ean13 : 8008324086849
;;;
paw16;Figurine à peindre Pat Patrol x3 NICKELODEON;10;ean13 : 3760167616908
;;;
t-rex;EXCAVATION DE FOSSILE T-REX;6;ean13 : 5600983612181
;;;
360jeux;Jeu De Société- Mallette 300 Jeux;25;ean13 : 3459223589477
;;;
?80002280;Fabrique De Gadget;20;ean13 : 560098361492
;;;
4047335;DRAGON SOUFFLEUR D'AIR      OFFRE;5;ean13 : 8436538672501
;;;
430290;COFFRET CREAPAT CREME GLACEE;8;ean13 : 3700994302902
;;;
14080084;PISTOLET XSHOT GENDARMERIE NATIONALE  PROMO5;15;ean13 : 4894680015746
;;;
36381;Pistolet Blaster-Chaos Orbit Gign XSHOT  ;20;ean13 : 4894680015739
;;;
88560;Robot Jouet Programmable avec Pavé Tactile 21 cm - Enregistre un Parcours Qu'il Pourra Réaliser Tout Seul;20;ean13 : 4891813885603
;;;
22042776;PATINS COLOR AJUSTABLE 24-29 PAT'PATROUILLE;10;ean13 : 3517132223452
;;;
4122701;PAT'PATROUILLE - MA MALLETTE D'ACTIVITÉS - 40 PIÈCES;5;ean13 : 3517130002394
;;;
766357;LOL Surprise - Modèle Aléatoire. ;10;ean13 : 8056379090779
;;;
821736;Orang-Tang  Jeux de Societe  PROMO2;10;ean13 : 3760046780584
;;;
678049;Gare o Roulo  Jeu de Société  PROMO2;10;ean13 : 3760046780492
;;;
MP1000;IDance Mon Piano Digital Bluetooth MP 1000;20;ean13 : 4894367010736
;;;
Blaster-30I;iDance Blaster 301 Rechargeable Karaoke Party System - 100W;50;ean13 : 4894367018411
;;;
87342;iDance Audio Blaster B2X Bluetooth Speaker;20;ean13 : 4894367020452
;;;
821854;Véhicule monster truck T-force Power Players;15;ean13 : 8056379097228
;;;
50501119;PAW PATROL Trottinette Flex à 3 roues;40;ean13 : 3517130011198
;;;
22021140;PATINETTE 2 ROUES DC COMICS;25;ean13 : 3517130006118
;;;
150877;Voiture de L'armée Radio Commandée 27 cm;15;ean13 : 3560239682141
;;;
MP300;iDance Mini Piano Electronique MP 300;10;ean13 : 4894367014024
;;;
920;Déguisement Harry Potter;15;ean13 : 8026196977225
;;;
90392;Puzzle Harry Potter 10 en 1;10;ean13 : 5900511903928
;;;
60018-9399;Figurines à Peindre x3 Harry Potter;10;ean13 : 5949043761422
;;;
7419-1197;Valise d'activités HARRY POTTER;15;ean13 : 3760167648237
;;;
20253;Véhicule radiocommandé EXOST-REVOLT;30;ean13 : 4891813202530
;;;
86845;Lazer MAD Battle DUO OPS;20;ean13 : 4891813868453
;;;
86865;Shotblaster module - Lazer M.A.D;5;ean13 : 4891813868651
;;;
704-01;JEUX DE SOCIETE LE NAIN JAUNE;5;ean13 : 3760181670306
;;;
430524;Captain Brain;10;ean13 : 3700994305248
;;;
430497;LA FABRIK' A BONBONS TETE BRULEE;5;ean13 : 3700994304975
;;;
7377;Kit peinture avec chevalet et accessoires;12;ean13 : 3760167647377
;;;
ANTI16;Laboratoire antivirus;15;ean13 : 5600983620049
;;;
3125;ATTAQUE FANTOMES;10;ean13 : 8056379134558
;;;
722;Geomag Mechanics 762 Magnetic Motion 146 Pièces;25;ean13 : 871772007227
;;;
378;Geomag Supercolor Recycled  52 Pieces;15;ean13 : 871772003786
;;;
32117189;Boite de coloriage 40 pièces Paw Patrol;10;ean13 : 3800155159694
;;;
4766;FIGURINE GÉANTE ARTICULÉE DE 28 CM - KONG GODZILLA;20;ean13 : 8056379104766
;;;
20233;Circuit voitures télécommandées - EXOST LOOP;45;ean13 : 4891813202332
;;;
90791;2 PUZZLES SAM LE POMPIER + MEMOS;6;ean13 : 5900511907919
;;;
13284;Puzzle Les Aventures de Buzz L'éclair;5;ean13 : 082686054003
;;;
34604;DISNEY Puzzle 4 in 1 set Mickey;6;ean13 : 5900511346046
;;;
34309;PUZZLE 4EN1 DISNEY PRINCESSES;6;ean13 : 5900511343090
;;;
14272;PUZZLE FLIPFLAP ESPACE;6;ean13 : 5900511142723
;;;
14346;Puzzle 24 Pcs Paw Patrol;5;ean13 : 5900511143461
;;;
14350;Puzzle 24pcs 44 Cats;5;ean13 : 5900511143508
;;;
14321;Puzzle 24pcs AVENGERS;5;ean13 : 5900511143218
;;;
34865;Puzzle 3 en 1 44 CATS;6;ean13 : 5900511348651
;;;
90790;Paw Patrol 2 Puzzles + Memo;6;ean13 : 5900511907902
;;;
34861;Puzzle 3 en 1 Paw Patrol;6;ean13 : 5900511348613
;;;
34386;PUZZLE 4 EN 1 AVENGERS;6;ean13 : 5900511343861
;;;
23001;Puzzle 300 pcs Harry Potter;5;ean13 : 5900511230017
;;;
23004;PUZZLE BONBONS 300 PCS;5;ean13 : 5900511230048
;;;
10601;Puzzle voiture 1000 pcs    PROMO2;10;ean13 : 5900511106015
;;;
;Buggy Radio Commandée -  360°- Lumineuse Couleur - Bleu;10;
;;;
;Buggy Radio Commandée -  360°- Lumineuse Couleur - Rouge;10;
;;;
810015;Tirelire à peindre Mickey;5;ean13 : 3760167648749
;;;
25526-95782;Tirelire à Peindre Harry Potter - Peinture Fournis;5;ean13 : 3760167648732
;;;
MCC19000-38742;Disney Mickey  La Caserne de Pompier  14 pièces  avec Fonctions sonores;45;ean13 : 8056379135524
;;;
1011AM;FALK - Tracteur à pédales Claas avec et remorque + Pelle frontale articulée;70;ean13 : 3016200101147
;;;
105733021;Poupée fée et licorne STEFFI LOVE  PROMO2;10;ean13 : 4052351016946
;;;
105733049;STEFFI LOVE Sirène Paillettes Et Lumieres;10;ean13 : 4052351019312
;;;
105732838;STEFFI LOVE ICE PRINCESS  PROMO2;10;ean13 : 4006592528386
;;;
105734000;bébé Simba Steffi Love Enceinte + Bébé;5;ean13 : 4006592540005
;;;
105733059;Poupée Enfant Cool Kévin;5;ean13 : 4006592530594
;;;
;Poupée Evi Love et son Poney Caramel - Blanc  PROMO2;10;
;;;
;Poupée Evi Love et son Poney Caramel  PROMO2;10;
;;;
;Poupée Evi Love et son Poney Caramel - PROMO2;10;
;;;
85095;Fashion Bijoux Na NA NA;12;ean13 : 8008324085095
;;;
85088;CREA LA MODA NA NA NA;5;ean13 : 8008324085088
;;;
NANANAS4;Na ! Na ! Na ! Surprise  Pom Doll 2en1 avec Peluche 10cm et poupée Souple 20cm;20;ean13 : 8056379102632
;;;
NANANAS2;Na ! Na ! Na ! Surprise  Pom Doll 2en1 avec Peluche 10cm et poupée Souple 20cm;20;ean13 : 8056379102632
;;;
105735456;COUPLE PRINCIER - STEFFI LOVE;15;ean13 : 4006592554569
;;;
570349;POOPSIE - FANTASY FRIENDS;10;ean13 : 8056379090014
;;;
563884;Poopsie - Poop Pack - Modèle Aléatoire. 4 En Présentoir 16Pcs - Poopsie;5;ean13 : 8056379081241
;;;
559801;Figurine Unicorn Crush POOPSIE;5;ean13 : 035051559801
;;;
DSP13-4561;DISNEY PRINCESSES - COFFRET CRÉATIF 3 EN 1;10;ean13 : 5055114379547
;;;
73689;REINE DES NEIGES 2-CRYSTEL SLIME  73689  Multicolore 73689;12;ean13 : 8008324073689
;;;
l1710144;Cree ton Propre journal intime Vaiana;3;ean13 : 8712916065883
;;;
1710143;Mosaique  ART Princesse 500 pieces;1;ean13 : 8712916079101
;;;
1710021;Mosaique ART La Reine Des Neiges 500 pieces;1;ean13 : 8712916068952
;;;
CMIR002;MIRACULOUS - MON COFFRET D'ACTIVITES 75 PIECES;5;ean13 : 3517133225790
;;;
101260;Enceinte Personnalisable - Stickers Inclus;5;ean13 : 3301041012609
;;;
BOMBE16;Bombes de Bain;12;ean13 : 5600983608733
;;;
FROZ05;Figurine à peindre Reine des neiges x3 DISNEY;10;ean13 : 3760167606688
;;;
TATOO;Mon Atelier a Tatouage;15;ean13 : 5600983623187
;;;
118510FR;Coffret LOL SURPRISE Collector;15;ean13 : 0035051118510
;;;
ppe23000-559825;POOPSIE SLIME BERLINGO;5;ean13 : 8056379081241
;;;
22043340;LOL SURPRISE - TROTTINETTE 2 ROUES PLIABLE;25;ean13 : 3517130000802
;;;
730526;Trottinette 2 roues Ladybug Miraculous;25;ean13 : 3517130008969
;;;
OHKY084-2;HELLO KITTY - ROLLERS INLINE 2 EN 1;15;ean13 : 3517130006583
;;;
663866;POUPEE LOL SURPRISE;10;ean13 : 8056379083009
;;;
12064471;LOL SURPRISE - FUZZY PETS 13 CM; 8.5 ;ean13 : 8056379069669
;;;
LLU85;LOL Surprise - Lils Sisters & Lil Pets - Modèle Aléatoire; 6.5 ;ean13 : 8056379082897
;;;
81820;Patins à glace Hello Kitty;10;ean13 : 8718164681820
;;;
22021146;PATINETTE 2 ROUES PLIABLE HELLO KITTY;25;ean13 : 3517130006071
;;;
KBPAD100FZ;Clavier Musical Disney Frozen;5;ean13 : 3380743078069
;;;
90600;2 Puzzle Peppa Pig + 1 Memorie;6;ean13 : 5900511906004
;;;
;POUPEE INDIVIDUELLE RAINBOW RUBY ROBOT 1 - RUBY 1;5;
;;;
;POUPEE INDIVIDUELLE RAINBOW RUBY ROBOT 1 - RUBY 2;5;
;;;
;POUPEE INDIVIDUELLE RAINBOW RUBY ROBOT 1 - RUBY 3;5;
;;;
87360;TÊTE À COIFFER DELUXE - RAIPONCE;35;ean13 : 8056379042402
;;;
61680;Tête à Coiffer Barbie Deluxe Giochi;40;ean13 : 8056379035329
;;;
FRND7000;Tête à Coiffer Deluxe Anna - La Reine des Neiges 2;35;ean13 : 8056379100461
;;;
34849;PUZZLE 3EN1 PEPPA PIG;6;ean13 : 5900511348491
;;;
14267;PUZZLE 24 pcs NELLA;5;ean13 : 5900511142679
;;;
55555;Puzzle Double-Face Plus 108 Pcs;6;ean13 : 8008324055555
;;;
34866;Puzzle 3 en 1 Disney Encanto;6;ean13 : 5900511348668
;;;
34853;Puzzle 3 en 1 Reine Des Neiges;6;ean13 : 5900511348538
;;;
34613;PUZZLE LOL 4 EN 1;6;ean13 : 5900511346138
;;;
34323;PUZZLE 4 EN 1 REINE DES NEIGES;6;ean13 : 5900511343236
;;;
16444;PUZZLE 100 PCS RAINBOW HIGH;5;ean13 : 5900511164442
;;;
13289;PUZZLE 200 PCS RAINBOW HIGH;5;ean13 : 5900511132892
;;;
37396;PUZZLE CHEVAL 500 PCS;5;ean13 : 5900511373967
;;;
3416-8522;COFFRET LOL SURPRISE MAISON;5;ean13 : 3760167603748
;;;
810022;Tirelire à peindre Madame Samovar;5;ean13 : 3760167648756
;;;
430448;DEGUISEMENT MISS FRANCE PRESTIGE OR 5-7 ANS;15;ean13 : 3700994304487
;;;
7625;Glitza - funny Pets 80 designs PROMO1;5;ean13 : 5414932076258
;;;
7626;GLITZA - HAPPY RAIN 80 DESIGNS PROMO1;5;ean13 : 5414932076265
;;;
563277;Méga set coloriage avec sac à dos Reine des neiges DISNEY;15;ean13 : 3760167617196
;;;
90816;6 Boites de Tri Puzzle;10;ean13 : 5900511908169
;;;
FIV150318;QOLOR SPRAY;5;ean13 : 8067848672631
;;;
THEWALL01;THE WALL- Face Au Mur;5;ean13 : 3760062010559
;;;
678059;BANK ATTACK PROMO2;10;ean13 : 3760046780591
;;;
14283;puzzle 15 pcs thomas le train;5;ean13 : 5900511142839
;;;
14344;puzzle 24 pcs mickey disney;5;ean13 : 5900511143447
;;;
14246;PUZZLE 24PCS BOB LE BRICOLEUR;5;ean13 : 5900511142464
;;;
14315;PUZZLE 24PCS ENCHANTIMALS;5;ean13 : 5900511143157
;;;
56545;PUZZLE 150PCS VICE-VERSA;5;ean13 : 8008324056545
;;;
36513;PUZZLE 40PCS ARIEL LA PETITE SIRENE;5;ean13 : 5900511365139
;;;
17331;PUZZLE 60PCS SPIRIT RIDING FREE;5;ean13 : 5900511173314
;;;
17313;PUZZLE 60PCS PRINCESSE SOFIA;5;ean13 : 5900511173130
;;;
17332;PUZZLE 60PCS CHATS;5;ean13 : 5900511173321
;;;
34378;PUZZLE 4EN1 BABY SHARKS;6;ean13 : 5900511343786
;;;
34382;PUZZLE 4EN1 ANIMAL PLANET;6;ean13 : 5900511343823
;;;
34261;PUZZLE 4EN1 MICKEY MOUSE;6;ean13 : 5900511342611
;;;
34375;PUZZLE 4EN1 MY LITTLE PONY;6;ean13 : 5900511343755
;;;
34330;PUZZLE 4EN1 CHATS;6;ean13 : 5900511343304
;;;
34385;PUZZLE 4EN1 PRINCESS DISNEY;6;ean13 : 5900511343854
;;;
34345;PUZZLE 4EN1 MINIONS;6;ean13 : 5900511343458
;;;
34821;PUZZLE 3EN1 THOMAS LE TRAIN;6;ean13 : 5900511348217
;;;
34837;PUZZLE 3EN1 DINOSAURES;6;ean13 : 5900511348378
;;;
16394;PUZZLE 100PCS  BATMAN;5;ean13 : 5900511163940
;;;
16358;PUZZLE 100PCS CARS;5;ean13 : 5900511163582
;;;
16419;PUZZLE 100PCS PRINCESS DISNEY;5;ean13 : 5900511164190
;;;
16363;PUZZLE 100PCS LAMAS HEUREUX;5;ean13 : 5900511163636
;;;
16361;PUZZLE 100PCS MAYA L'ABEILLE;5;ean13 : 5900511163612
;;;
16387;PUZZLE 100PCS MINNIE MOUSE;5;ean13 : 5900511163872
;;;
15337;PUZZLE 100PCS MICKEY MOUSE;5;ean13 : 5900511153378
;;;
15373;puzzle 160pcs minnie mouse;5;ean13 : 5900511153736
;;;
15406;PUZZLE 160PCS LA REINE DES NEIGES;5;ean13 : 5900511154061
;;;
15358;PUZZLE 160PCS PRINCESS DISNEY;5;ean13 : 5900511153583
;;;
15368;PUZZLE 160PCS MARVEL AVENGERS;5;ean13 : 5900511153682
;;;
13278;PUZZLE 200PCS BLANCHE NEIGE;5;ean13 : 5900511132786
;;;
13249;PUZZLE 200PCS LA REINE DES NEIGES;5;ean13 : 5900511132496
;;;
13248;puzzle 200pcs chevaux;5;ean13 : 5900511132489
;;;
13265;PUZZLE 200PCS LA REINE DES NEIGES;5;ean13 : 5900511132656
;;;
13235;puzzle 200pcs spider-man;5;ean13 : 5900511132359
;;;
23006;puzzle 300pcs la reines des neiges;5;ean13 : 5900511230062
;;;
23004;puzzle 300pcs bonbons;5;ean13 : 5900511230048
;;;
29511;PUZZLE 500PCS MICKEY DISNEY PANORAMA;5;ean13 : 5900511295115
;;;
29045;puzzle 1000pcs licorne panorama PROMO2;10;ean13 : 5900511290455
;;;
29046;PUZZLE 1000PCS BONBONS PANORAMA  PROMO2;10;ean13 : 5900511290462
;;;
37391;PUZZLE 500PCS SPIDER-MAN MARVEL;5;ean13 : 5900511373912
;;;
37349;PUZZLE 500PCS ARTIST ADRIAN CHESTERMAN;5;ean13 : 5900511373493
;;;
37334;puzzle 500pcs donuts;5;ean13 : 5900511373349
;;;
29514;puzzle 500pcs disney princess panorama;5;ean13 : 5900511295146
;;;
37400;PUZZLE 500PCS HARRY POTTER;5;ean13 : 5900511374001
;;;
23002;puzzle 300pcs stars wars;5;ean13 : 5900511230024
;;;
13266;puzzle 200pcs superman;5;ean13 : 5900511132663
;;;
13232;puzzle 200pcs cars;5;ean13 : 5900511132328
;;;
13279;puzzle 200pcs chiens;5;ean13 : 5900511132793
;;;
13268;PUZZLE 200PCS DISNEY PRINCESS;5;ean13 : 5900511132687
;;;
13264;PUZZLE 200PCS MINIONS;5;ean13 : 5900511132649
;;;
15357;PUZZLE 160PCS SPIDER-MAN MARVEL;5;ean13 : 5900511153576
;;;
15407;puzzle 160pcs disney princess;5;ean13 : 5900511154078
;;;
15329;puzzle 160pcs soy luna disney;5;ean13 : 5900511153293
;;;
15356;puzzle 160pcs cars disney pixar;5;ean13 : 5900511153569
;;;
15360;puzzle 160pcs dinosaure;5;ean13 : 5900511153606
;;;
16277;puzzle 100pcs dinosaure;5;ean13 : 5900511162776
;;;
14819;PUZZLE 100PCS DISNEY PRINCESS A PAILLETE;5;ean13 : 5900511148190
;;;
16420;puzzle 100pcs chats;5;ean13 : 5900511164206
;;;
16321;puzzle 100pcs elena avalor;5;ean13 : 5900511163216
;;;
16417;PUZZLE 100PCS DISNEY PRINCESS;5;ean13 : 5900511164176
;;;
16272;puzzle 100pcs AVENGERS MARVEL;5;ean13 : 5900511162721
;;;
34842;PUZZLE 3EN1 DISNEY PRINCESS;6;ean13 : 5900511348422
;;;
34823;PUZZLE 3EN1 MY LITLLE PONY;6;ean13 : 5900511348231
;;;
34833;PUZZLE 3EN1 DISNEY PRINCESS;6;ean13 : 5900511348330
;;;
34305;PUZZLE 4EN1 ENCHANTIMALS;6;ean13 : 5900511343052
;;;
16421;puzzle 100pcs chiens;5;ean13 : 5900511164213
;;;
34383;PUZZLE 4EN1 DINOSAURE;6;ean13 : 5900511343830
;;;
34390;puzzle 4en1 SUPERTHINGS;6;ean13 : 5900511343908
;;;
34373;PUZZLE 4EN1 SAM LE POMPIER;6;ean13 : 5900511343731
;;;
34356;puzzle 4en1 maya l'abeille;6;ean13 : 5900511343564
;;;
17315;puzzle 60pcs disney princess;5;ean13 : 5900511173154
;;;
17347;puzzle 60pcs disney princess;5;ean13 : 5900511173475
;;;
17323;puzzle 60pcs my little pony;5;ean13 : 5900511173239
;;;
17330;puzzle 60pcs maya l'abeille;5;ean13 : 5900511173307
;;;
17334;puzzle 60pcs cars;5;ean13 : 5900511173345
;;;
17327;puzzle 60pcs cars;5;ean13 : 5900511173277
;;;
75113;puzzle 54pcs + magic marker princesse sofia disney junior;5;ean13 : 5900511751130
;;;
14290;puzzle 24pcs sam le pompier;5;ean13 : 5900511142907
;;;
14345;puzzle 24pcs la reine des neiges;5;ean13 : 5900511143454
;;;
14338;puzzle 24pcs my little pony;5;ean13 : 5900511143386
;;;
14317;puzzle 24pcs thomas le train;5;ean13 : 5900511143171
;;;
14330;puzzle 24pcs peppa pig;5;ean13 : 5900511143300
;;;
14337;puzzle 24pcs baby shark;5;ean13 : 5900511143379
;;;
14242;puzzle 24pcs dora l'exploratrice;5;ean13 : 5900511142426
;;;
14267;puzzle 24pcs nella the princess knight;5;ean13 : 5900511142679
;;;
14301;puzzle 24pcs masha and the bear;5;ean13 : 5900511143010
;;;
75112;puzzle 54pcs + magic marker princesse cendrillon;5;ean13 : 5900511751123
;;;
17325;puzzle 60pcs toy Story;5;ean13 : 5900511173253
;;;
14294;puzzle 24pcs disney princess;5;ean13 : 5900511142945
;;;
34276;puzzle 4en1 cars disney pixar;6;ean13 : 5900511342765
;;;
34387;PUZZLE 4EN1 SAM LE POMPIER;6;ean13 : 5900511343878
;;;
34395;puzzle 4en1 pat patrouille;6;ean13 : 5900511343953
;;;
34389;puzzle 4en1 licornes;6;ean13 : 5900511343892
;;;
34339;puzzle 4en1 minions;6;ean13 : 5900511343397
;;;
34322;puzzle 4en1 lamas;6;ean13 : 5900511343229
;;;
34398;puzzle 4en1 la reine des neiges;6;ean13 : 5900511343984
;;;
34809;puzzle 3en1 sweet lovely;6;ean13 : 5900511348095
;;;
34854;puzzle 3en1 chiens;6;ean13 : 5900511348545
;;;
16413;puzzle 100pcs star wars;5;ean13 : 5900511164138
;;;
16508;puzzle 100pcs raya et le dernier dragon;5;ean13 : 5900511165081
;;;
16424;puzzle 100pcs animal planet;5;ean13 : 5900511164244
;;;
16315;puzzle 100pcs transformers;5;ean13 : 5900511163155
;;;
16507;puzzle 100pcs superzings;5;ean13 : 5900511165074
;;;
15371;puzzle 160pcs chats;5;ean13 : 5900511153712
;;;
16393;puzzle 100pcs disney princess;5;ean13 : 5900511163933
;;;
15408;puzzle 160pcs la reine des neiges disney;5;ean13 : 5900511154085
;;;
13262;puzzle 200pcs minnie mouse disney;5;ean13 : 5900511132625
;;;
13261;puzzle 200pcs enchantimals;5;ean13 : 5900511132618
;;;
13247;puzzle 200pcs chats;5;ean13 : 5900511132472
;;;
13277;puzzle 200pcs harry potter;5;ean13 : 5900511132779
;;;
13267;puzzle 200pcs raiponce disney;5;ean13 : 5900511132670
;;;
13195;puzzle 260pcs la reine des neiges disney;5;ean13 : 5900511131956
;;;
23003;puzzle 300pcs chiens;5;ean13 : 5900511230031
;;;
23000;puzzle 300pcs avengers marvel;5;ean13 : 5900511230000
;;;
37392;puzzle 500pcs la reine des neiges;5;ean13 : 5900511373929
;;;
37390;puzzle 500pcs minions;5;ean13 : 5900511373905
;;;
29049;puzzle 1000pcs minions panorama PROMO2;10;ean13 : 5900511290493
;;;
37381;puzzle 500pcs voiture;5;ean13 : 5900511373813
;;;
37326;puzzle 500pcs chats;5;ean13 : 5900511373264
;;;
37142;puzzle 500pcs panda;5;ean13 : 5900511371420
;;;
37378;puzzle 500pcs chiens;5;ean13 : 5900511373783
;;;
37399;puzzle 500pcs bateau;5;ean13 : 5900511373998
;;;
37377;puzzle 500pcs chats;5;ean13 : 5900511373776
;;;
37408;puzzle 500pcs artist dominic davison;5;ean13 : 5900511374087
;;;
37407;puzzle 500pcs magasin de bonbons;5;ean13 : 5900511374070
;;;
37271;puzzle 500pcs chats;5;ean13 : 5900511372717
;;;
37335;puzzle 500pcs confiseries;5;ean13 : 5900511373356
;;;
37293;puzzle 500pcs fleurs;5;ean13 : 5900511372939
;;;
14828;puzzle 100pcs my little pony paillette;5;ean13 : 5900511148282
;;;
75110;puzzle 70pcs + magic marker;5;ean13 : 5900511751109
;;;
34355;puzzle 4en1 minnie mouse disney;6;ean13 : 5900511343557
;;;
90814;puzzle 2x + memos la reine des neiges;6;ean13 : 5900511908145
;;;
34847;puzzle 3en1 la reine des neiges;6;ean13 : 5900511348477
;;;
75114;puzzle 54pcs + stickers;5;ean13 : 5900511751147
;;;
36512;puzzle color 40pcs dora l'exploratrice;5;ean13 : 5900511365122
;;;
54022;puzzle 35pcs 2en1 dory disney pixar;5;ean13 : 8008324054022
;;;
37325;PUZZLE 500PCS ARTIST PD MORENO;5;ean13 : 5900511373257
;;;
37332;PUZZLE 500PCS TIGRE;5;ean13 : 5900511373325
;;;
37383;PUZZLE 500PCS ARTIST ADRIAN CHESTERMAN;5;ean13 : 5900511373837
;;;
10522;PUZZLE 1000PCS JOHANNES VERMEER PROMO2;10;ean13 : 5900511105223
;;;
10593;PUZZLE 1000PCS UNIVERS MAGIQUE PROMO2;10;ean13 : 5900511105933
;;;
10595;PUZZLE 1000PCS FUNNY CITIES NY PROMO2;10;ean13 : 5900511105957
;;;
10598;PUZZLE 1000PCS FUNNY CITIES VENISE PROMO2;10;ean13 : 5900511105988
;;;
10596;PUZZLE 1000PCS FUNNY CITIES LONDON PROMO2;10;ean13 : 5900511105964
;;;
10624;PUZZLE 1000PCS ARTIST ADRIAN CHESTERMAN PROMO2;10;ean13 : 5900511106244
;;;
29027;PUZZLE 1000PCS MIAMI APRES L'OBSCURITE PANORAMA PROMO2;10;ean13 : 5900511290271
;;;
29030;PUZZLE 1000PCS LE COLISEE A L'AUBE PANORAMA  PROMO2;10;ean13 : 5900511290301
;;;
29037;PUZZLE 1000PCS GRAND CANAL VENICE PANORAMA PROMO2;10;ean13 : 5900511290370
;;;
10584;PUZZLE 1000PCS ARTIST PD MORENO PROMO2;10;ean13 : 5900511105841
;;;
26159;PUZZLE 1500PCS ARTIST HOWARD ROBINSON 2 TIGRES;15;ean13 : 5900511261592
;;;
26136;PUZZLE 1500PCS ARTIST DOMINIC DAVISON;15;ean13 : 5900511261363
;;;
26156;PUZZLE 1500PCS ARTIST DAVID MACLEAN LE CHARME DE PARIS;15;ean13 : 5900511261561
;;;
27109;PUZZLE 2000PCS ARTIST AIMEE STEWART VACANCES TROPICALES;20;ean13 : 5900511271096
;;;
27084;PUZZLE 2000PCS QATAR;20;ean13 : 5900511270846
;;;
33060;PUZZLE 3000PCS COUCHER DE SOLEIL A BANGKOK;25;ean13 : 5900511330601
;;;
65001;PUZZLE 6000PCS RUE DE PARIS;30;ean13 : 5900511650013
;;;
33033;PUZZLE 3000PCS ARTIST DENNIS LEWAN PARC D'ATTRACTIONS;25;ean13 : 5900511330335
;;;
33072;PUZZLE 3000PCS ARTIST CHUCK PINSON VIE INSULAIRE;25;ean13 : 5900511330724
;;;
27107;PUZZLE 2000PCS LA BAIE DE SAN FRANCISCO;20;ean13 : 5900511271072
;;;
26132;PUZZLE 1500PCS LE MONT FUJI;15;ean13 : 5900511261325
;;;
26174;PUZZLE 1500PCS ARTIST MALENDA TRICK DANS LE VIGNOBLE;15;ean13 : 5900511261745
;;;
26165;PUZZLE 1500PCS ARTIST AIMEE STEWART BIBLIOTHEQUE DE CONTE DE FEES;15;ean13 : 5900511261653
;;;
10613;PUZZLE 1000PCS VU DE LA CAPPADOCE PROMO2;10;ean13 : 5900511106138
;;;
10582;PUZZLE 1000PCS LE HAVRE DE PAIX PROMO2;10;ean13 : 5900511105827
;;;
10671;PUZZLE 1000PCS ANIMAL PLANET PROMO2;10;ean13 : 5900511106718
;;;
10600;PUZZLE 1000PCS FUNNY CITIES ROME PROMO2;10;ean13 : 5900511106008
;;;
10597;PUZZLE 1000PCS FUNNY CITIES PARIS PROMO2;10;ean13 : 5900511105971
;;;
10446;PUZZLE 1000PCS CHEVAUX AU GALOP PROMO2;10;ean13 : 5900511104462
;;;
10447;PUZZLE 1000PCS LION DORMANT PROMO2;10;ean13 : 5900511104479
;;;
10557;PUZZLE 1000PCS ARTIST HIRO TANIKAWA UNE RUE DE LONDRES PROMO2;10;ean13 : 5900511105575
;;;
37351;PUZZLE 500PCS UNE PETITE BALLERINE;5;ean13 : 5900511373516
;;;
37330;PUZZLE 500PCS PARIS ROMANTIQUE;5;ean13 : 5900511373301
;;;
37384;PUZZLE 500PCS MOTO NOIR;5;ean13 : 5900511373844
;;;
37379;PUZZLE 500PCS TRAIN DE MONTAGNE;5;ean13 : 5900511373790
;;;
37120;PUZZLE 500PCS LE VOILIER SUR LE FOND DE CHICAGO;5;ean13 : 5900511371208
;;;
37333;PUZZLE 500PCS VIEUX PONT DE MOSTAR;5;ean13 : 5900511373332
;;;
37331;PUZZLE 500PCS VUE DE NEW YORK;5;ean13 : 5900511373318
;;;
29501;PUZZLE 500PCS PIAZZA NAVONA ROME;5;ean13 : 5900511295016
;;;
29505;PUZZLE 500PCS UN VOYAGE EN Italie;5;ean13 : 5900511295054
;;;
10394;PUZZLE 1000PCS PARIS A L'AUBE PROMO2;10;ean13 : 5900511103946
;;;
10578;PUZZLE 1000PCS NEON COLOR LINE CHIENS GENIAUX PROMO2;10;ean13 : 5900511105780
;;;
10580;PUZZLE 1000PCS NEON COLOR LINE UNE DOUCE SEMAINE PROMO2;10;ean13 : 5900511105803
;;;
10579;PUZZLE 1000PCS NEON COLOR LINE VILLE DE NEON PROMO2;10;ean13 : 5900511105797
;;;
10630;PUZZLE 1000PCS ARTIST STEVE READ BONBONS DE CHAT PROMO2;10;ean13 : 5900511106305
;;;
60985;TAPIS POUR PUZZLE DE 0 A 1500PCS;10;ean13 : 5900511609851
;;;
10466;PUZZLE 1000PCS BOUQUET BLEU PROMO2;10;ean13 : 5900511104660
;;;
10445;PUZZLE 1000PCS SANTORIN FEERIQUE PROMO2;10;ean13 : 5900511104455
;;;
26139;PUZZLE 1500PCS PORTRAIT D'UN LION;15;ean13 : 5900511261394
;;;
26148;PUZZLE 1500PCS TROIS CHEVAUX SAUVAGES;15;ean13 : 5900511261486
;;;
26188;PUZZLE 1500PCS JARDIN SECRET;15;ean13 : 5900511261882
;;;
27121;PUZZLE 2000PCS APRES MIDI A PARIS;20;ean13 : 5900511271218
;;;
33073;PUZZLE 3000PCS VACANCES GRECQUES;25;ean13 : 5900511330731
;;;
65005;PUZZLE 6000PCS ATTRAPER DES REVES;30;ean13 : 5900511650051
;;;
33059;PUZZLE 3000PCS BALLON AU DESSUS DE LA CAPPADOCE;25;ean13 : 5900511330595
;;;
26160;PUZZLE 1500PCS LES TIGRES SUR LES ARBRES ARTIST STEVE CRIPS;15;ean13 : 5900511261608
;;;
26144;PUZZLE 1500PCS COUCHER DE SOLEIL SUR MYKONOS;15;ean13 : 5900511261448
;;;
10672;PUZZLE 1000PCS ANIMAL PLANET PROMO2;10;ean13 : 5900511106725
;;;
10395;PUZZLE 1000PCS LONDRES A L'AUBE PROMO2;10;ean13 : 5900511103953
;;;
10583;PUZZLE 1000PCS CHATEAUX DU MONDE PROMO2;10;ean13 : 5900511105834
;;;
37398;PUZZLE 500PCS PONT DE RIALTO VENISE;5;ean13 : 5900511373981
;;;
10623;PUZZLE 1000PCS AUTOMNE EN BAVIERE PROMO2;10;ean13 : 5900511106237
;;;
10604;PUZZLE 1000PCS LA CROISSIERE PROMO2;10;ean13 : 5900511106046
;;;
10605;PUZZLE 1000PCS CARTE PHYSIQUE DE L'EUROPE PROMO2;10;ean13 : 5900511106053
;;;
10463;PUZZLE 1000PCS CARTE DU MONDE PROMO2;10;ean13 : 5900511104639
;;;
10556;PUZZLE 1000PCS LES CHIENS DANS LE JARDIN PROMO2;10;ean13 : 5900511105568
;;;
10404;PUZZLE 1000PCS LONDRES PROMO2;10;ean13 : 5900511104042
;;;
29029;PUZZLE 1000PCS PARIS NOTRE DAME PANORAMA PROMO2;10;ean13 : 5900511290295
;;;
10606;PUZZLE 1000PCS AUBERGE AU BORD DE L'ETRANG VERT PROMO2;10;ean13 : 5900511106060
;;;
10498;PUZZLE 1000PCS 208 CHATS PROMO2;10;ean13 : 5900511104981
;;;
10589;PUZZLE 1000PCS ARTIST SANDRO BOTTICELLI PROMO2;10;ean13 : 5900511105896
;;;
10591;PUZZLE 1000PCS CHATS HEUREUX PROMO2;10;ean13 : 5900511105919
;;;
10523;PUZZLE 1000PCS LES COULEURS DE NY PROMO2;10;ean13 : 5900511105230
;;;
10393;PUZZLE 1000PCS NEW YORK A L'AUBE PROMO2;10;ean13 : 5900511103939
;;;
10525;PUZZLE 1000PCS LES COULEURS DE LONDRES PROMO2;10;ean13 : 5900511105254
;;;
10467;PUZZLE 1000PCS CENTRAL PARKS NEW YORK PROMO2;10;ean13 : 5900511104677
;;;
10222;PUZZLE 1000PCS NEW YORK PROMO2;10;ean13 : 5900511102222
;;;
37145;PUZZLE 500PCS POSITANO Italie;5;ean13 : 5900511371451
;;;
37382;PUZZLE 500PCS PRAGUE;5;ean13 : 5900511373820
;;;
37292;PUZZLE 500PCS FONTAINE DE TREFL;5;ean13 : 5900511372922
;;;
37290;PUZZLE 500PCS LAC DE COME Italie;5;ean13 : 5900511372908
;;;
37272;PUZZLE 500PCS CHIENS AVEC DES GLACES;5;ean13 : 5900511372724
;;;
37329;PUZZLE 500PCS LONDRES ENSOLEILLES;5;ean13 : 5900511373295
;;;
3122-9399;Puzzle à colorier 4 en 1 Harry Potter;10;ean13 : 3760167645878
;;;
34355;Puzzle Minnie Mouse 4 en 1;6;ean13 : 5900511343557
;;;
2048AB;FALK - Tracteur à pédales X Tractor vert avec capot ouvrant et remorque inclus;30;ean13 : 3016202048129
;;;
609BR;FALK-Quad à pédales Bud Racing - Vert;30;ean13 : 3016206092180
;;;
QUADBLEU;FALK-Quad Falk Racing Team - Garçons - Bleu;30;ean13 : 3016200006312
;;;
m135gx;FALK-TRACTEUR KUBOTA M135GX AVEC REMORQUE;50;ean13 : 3016202060121
;;;
207OY;FALK - Tracteur enfant Claas Arion 430 avec remorque + pelle 3 à 7 ans;80;ean13 : 3016202070250
;;;
2626;Porteur Camion de Pompier;12;ean13 : 3280250077619
;;;
motobleu;FALK Porteur Baby Moto New Holland - Bleu 1 AN;20;ean13 : 3016200004226
;;;
dakar01;FALK- Moto Baby Moto Dakar 1AN;20;ean13 : 3016200040644
;;;
PORTROSE;FALK-Porteur Baby Moto Rainbow Star - Rose 1AN;20;ean13 : 3016200004288
;;;
motorose2;FALK-Porteur Moto Falk Racing Team - Rose;25;ean13 : 3016200005384
;;;
MOTOPOL;FALK-Porteur Moto Police - Blanc Et Bleu;25;ean13 : 3016200507321
;;;
3,02E+12;FALK Tracteur à chevaucher à pédale avec remorque Case Vert;30;ean13 : 3016200205210
;;;
124429;Jeu de Quilles Nordique - jeu extérieur En Bois - Sac de rangement inclus;10;ean13 : 3560239475545
;;;
807398;Trottinette pliable 2 roues LED LOL Surprise;30;ean13 : 3517130002561
;;;
OFUN13-MUR;FUNBEE - TROTTINETTE 3 ROUES MÛRE;20;ean13 : 3517130008488
;;;
OFUN13-PAS;FUNBEE - TROTTINETTE 3 ROUES PASTEQUE;20;ean13 : 3517130008471
;;;
2081873;PAT'PATROUILLE-PORTEUR AVEC FONCTION POUSSEUR;15;ean13 : 3517132231006
;;;
OPAW067-MIF;PAW PATROL - PORTEUR AVEC FONCTION POUSSEUR;15;ean13 : 3517132231013
;;;
29048;puzzle 1000pcs la reine des neiges panorama PROMO2;10;ean13 : 5900511290486
;;;
29047;puzzle 1000pcs marvel panorama PROMO2;12;ean13 : 5900511290479
;;;
29510;Puzzle Elvis Presley;8;ean13 : 5900511295108
;;;
37289;PUZZLE 500 PCS CHEVAUX;5;ean13 : 5900511372892
;;;
37333;PUZZLE 500 PCS PONT DE MOSTAR;5;ean13 : 5900511373332
;;;
37291;PUZZLE 500 PCS PETITE FILLE;5;ean13 : 5900511372915
;;;
37428;PUZZLE 500 PCS AMSTERDAM;5;ean13 : 5900511374285
;;;
37327;PUZZLE 500 PCS Woodland Seclusion;5;ean13 : 5900511373271
;;;
37328;PUZZLE 500 PCS PERROQUETS;5;ean13 : 5900511373288
;;;
10622;Puzzle 1000 pieces Paris PROMO2;10;ean13 : 5900511106220
;;;
10443;Puzzle 1000 Pièces : Forum Romain PROMO2;10;ean13 : 5900511104431
;;;
10707;PUZZLE 1000 PCS LION PROMO2;10;ean13 : 5900511107074
;;;
10499;PUZZLE 1000 PCS PIERRE-AUGUSTE RENOIR PROMO2;10;ean13 : 5900511104998
;;;
10721;PUZZLE 1000 PCS CHINE PROMO2;10;ean13 : 5900511107210
;;;
10585;PUZZLE 1000 PCS Italie PROMO2;10;ean13 : 5900511105858
;;;
10222;PUZZLE 1000 PCS VILLE NEW YORK PROMO2;10;ean13 : 5900511102222
;;;
10686;PUZZLE CHIENS 1000 PCS PROMO2;10;ean13 : 5900511106862
;;;
10442;PUZZLE ELEPHANTS 1000 PCS PROMO2;10;ean13 : 5900511104424
;;;
10469;PUZZLE 1000 PCS SWEETS PROMO2;10;ean13 : 5900511104691
;;;
10470;PUZZLE EPICES 1000 PCS PROMO2;10;ean13 : 5900511104707
;;;
26157;PUZZLE FLEURS 1500 PCS;15;ean13 : 5900511261578
;;;
920;DEGUISEMENT BATMAN;15;ean13 : 8026196116716
